ID	normalized weight
0	4.358898943540674
1	4.432226682454995
2	4.521190381589318
3	4.200551554815869
4	4.132558184569488
